<?xml version="1.0"?>

<LAB>
<TITLE>Common Language Runtime</TITLE>

<OVERVIEW>
In this lab, you'll build a component from scratch using C#, inspect
the assembly using the IL disassembler, then use the component from
a VB application.
</OVERVIEW>

<OVERVIEW>
The interface your component will implmement is defined as follows:<BR/><BR/>

<CODE>
interface ICalculator
{
    double add(double x, double y);
    double multiply(double x, double y);
}
</CODE>

</OVERVIEW>

<OVERVIEW>
Perform all your work in the <LINK HREF="01_clr\before">01_clr\before</LINK>
directory.  Solutions for both the C# component and VB client developed
in this lab are listed at the bottom of this page.  Feel free to sneak a peak
at the solutions if you need a little help with the syntax of using either
language.
</OVERVIEW>

<PART NAME="Build a C# Component">

<DESCRIPTION>
In this exercise, you'll create an assembly written in C# that provides an implementation
of the ICalculator interface described above.  The assembly will define a namespace called
<STRONG>DevelopMentor</STRONG>, and a type within this namespace called <STRONG>Calculator</STRONG>
that provides a concrete implementation of the ICalculator interface.  Both the interface
and class will be publicly visible.
</DESCRIPTION>

<STEPS>

<STEP>
Create a text file name calc.cs in the <LINK HREF="01_clr\before">01_clr\before</LINK> directory.
This file will contain all of the source code for an assembly named calc.dll.
</STEP>
<BR/>

<STEP>
Declare a namespace called <STRONG>DevelopMentor</STRONG>.
</STEP>
<BR/>

<STEP>
Within the DevelopMentor namespace, declare the <STRONG>ICalculator</STRONG> interface as defined above.
Make sure this is interface is visible to the public.
</STEP>
<BR/>

<STEP>
Also within the DevelopMentor namespace, declare a class named <STRONG>Calculator</STRONG>.  Indicate that
the Calculator class implements the ICalculator interface.  Make sure this class is visible to the public.
</STEP>
<BR/>

<STEP>
Implement the <STRONG>add</STRONG> and <STRONG>multiply</STRONG> methods of ICalculator.
</STEP>
<BR/>

<STEP>
Open a cmd shell and change to the <LINK HREF="01_clr\before">01_clr\before</LINK> directory.
</STEP>
<BR/>

<STEP>
Build your calculator component using the following command line: <INLINECODE>csc /debug+ /t:library calc.cs.</INLINECODE>
The <STRONG>/t:library</STRONG> compiler
switch instructs the compiler to produce a library assembly (.DLL) instead of an application
assembly (.EXE).  The <STRONG>/debug+</STRONG> compiler switch
causes debug symbols to be produced for the assembly.
Work out any errors you may encounter. The result should be a file named calc.dll in the
<LINK HREF="01_clr\before">01_clr\before</LINK> directory.
</STEP>
<BR/>

<STEP>
Leave your cmd shell open, as you'll need it throughout the remainder of the lab.
</STEP>
<BR/>

</STEPS>
</PART>

<PART NAME="View the Assembly Using ILDASM">

<DESCRIPTION>
Before proceeding to the development of the client application, you'll use the Intermediate Language
Disassembler (ILDASM.EXE) to view the metadata within the calculator assembly your just built.
</DESCRIPTION>

<STEPS>

<STEP>
Once you've successfully built the calc.dll assembly, run <INLINECODE>ildasm.exe calc.dll</INLINECODE> from the directory
where your assembly resides.
</STEP>
<BR/>

<STEP>
Verify that the assembly defines a DevelopMentor namespace.  Also verify that within this
namespace there is a public interface named ICalculator defined, as well as a public
class named Calculator.
</STEP>
<BR/>

<STEP>
Verify that the Calculator class implements the ICalculator interface.
</STEP>
<BR/>

<STEP>
Inspect the manifest for this assembly.  Note that <STRONG>calc</STRONG> assembly is defined within
this DLL, and that there is a dependency on the <STRONG>mscorelib</STRONG> assembly.
</STEP>
<BR/>

<STEP>
View the IL for one or both of the methods of your Calculator class.
</STEP>
<BR/>

</STEPS>
</PART>

<PART NAME="Build a VB Client">

<DESCRIPTION>
In this part of the exercise, you'll write a client application in VB.NET
that uses the calculator component you just developed using C#.
</DESCRIPTION>

<STEPS>

<STEP>
Create a text file name client.vb in the <LINK HREF="01_clr\before">01_clr\before</LINK> directory.
This file will contain all of the source code for your client application.
</STEP>
<BR/>

<STEP>
Declare a public class named <STRONG>Client</STRONG> that has the requisite application
entrypoint method named <STRONG>Main</STRONG>.  Be sure to mark the main entry point
as <STRONG>Shared</STRONG>.
</STEP>
<BR/>

<STEP>
Inside Main, declare a variable of type <STRONG>DevelopMentor.ICalculator</STRONG>.
</STEP>
<BR/>

<STEP>
Use the <STRONG>new</STRONG> operator to instantiate the calculator component,
storing the resulting object reference in the variable declared in the previous step.
</STEP>
<BR/>

<STEP>
Test your your client application by calling the calculator methods, printing
out your results using <INLINECODE>System.Console.WriteLine.</INLINECODE>
</STEP>
<BR/>

<STEP>
Build your client using the following command line:
<INLINECODE>vbc /debug+ /t:exe /main:Client /r:calc.dll client.vb.</INLINECODE>
</STEP>
<BR/>

<STEP>
Test everything by executing client.exe from a cmd shell
in the 01_clr\before directory.
</STEP>

</STEPS>
</PART>

<PART NAME="Experiment with the Core Debugger">
<DESCRIPTION>
A simple command prompt-driven debugger (CORDBG.EXE) is provided with the platform SDK.
Although the user interface is primitive compared to the debugger interfaces you're
probably familiar with, this debugger has all the essential features required to
debug managed applications and components.
</DESCRIPTION>

<STEPS TYPE="a">

<STEP>
To start the debugger, execute <INLINECODE>cordbg client.exe</INLINECODE>.  After
the client process has been started and symbols loaded, a <STRONG>(cordbg)</STRONG> prompt will be
displayed.  You can enter <STRONG>?</STRONG> at any time to get a complete list of
available debugger commands.
</STEP>
<BR/>

<STEP>
Use the <STRONG>sh</STRONG> command to display the source
coded surrounding the current instruction.  Line numbers are displayed to the left
of each source line, and an asterisk (*) will mark the location
of the instruction pointer.  As you step through your code, the debugger will only
display the next source level instruction, so this command is handy in order to
get a little bigger picture of where you've been and where you're going.
</STEP>
<BR/>

<STEP>
Use <STRONG>n</STRONG> to step over the next instruction.  This executes the instruction
marked with the asterisk, but does not step into method calls.  Alternatively, you can use
<STRONG>so</STRONG> to accomplish this.
</STEP>
<BR/>

<STEP>
Use <STRONG>i</STRONG> to step into the next instruction.  This executes the
instruction makred with the asterisk, but steps into any method calls (assuming source
and symbols are available to the debugger).  Alternatively, you can use the
<STRONG>si</STRONG> command to accomplish this.
</STEP>
<BR/>

<STEP>
Experiment with stepping from the VB client directly into the C# component, and
back, using the <STRONG>i</STRONG> or <STRONG>si</STRONG> commands.
</STEP>
<BR/>

<STEP>
Use the <STRONG>p</STRONG> command to print the value of a variable.
</STEP>
<BR/>

<STEP>
When you're finished, use the <STRONG>q</STRONG> command to quit
and exit the debugger.
</STEP>

</STEPS>
</PART>

<SOLUTIONS>
<SOLUTIONFILE HREF="01_clr\after\calc.cs">01_clr\after\calc.cs</SOLUTIONFILE>
<SOLUTIONFILE HREF="01_clr\after\client.vb">01_clr\after\client.vb</SOLUTIONFILE>
</SOLUTIONS>

</LAB>
