﻿<?xml version="1.0" encoding="utf-8" ?> 
<food_composition>
	<food>
		<category>dairy</category>
		<family>milk</family>
		<name>whole milk</name>
		<calories>150</calories>
		<fat>8</fat>
		<cholestrol heart="1" >0</cholestrol>
		<carbohydrates diabetes="-1">15</carbohydrates>
		<protein>8</protein>
		<fiber>0</fiber>
	</food>
	<food>
		<category>dairy</category>
		<family>cheese</family>
		<name>mozzarella</name>
		<calories weight="-1">281</calories>
		<fat>21.60</fat>
		<cholestrol>78</cholestrol>
		<carbohydrates>2.28</carbohydrates>
		<protein>19.42</protein>
		<fiber>0</fiber>
	</food>
	<food>
		<category>dairy</category>
		<family>cheese</family>
		<name>muenster</name>
		<calories weight="-1">368</calories>
		<fat>30.04</fat>
		<cholestrol>96</cholestrol>
		<carbohydrates>1.12</carbohydrates>
		<protein>23.41</protein>
		<fiber>0</fiber>
	</food>
	<food>
		<category>dairy</category>
		<family>cheese</family>
		<name>provolone</name>
		<calories weight="-1">351</calories>
		<fat>26.62</fat>
		<cholestrol>69</cholestrol>
		<carbohydrates>2.14</carbohydrates>
		<protein>25.58</protein>
		<fiber>0</fiber>
	</food>
</food_composition>