﻿<?xml version="1.0" encoding="utf-8" ?> 
<!-- Place keywords in the PI below -->
<?calories diabetes?>
<food_composition>
	<food>
		<category>dairy</category>
		<family>milk</family>
		<name>whole milk</name>
		<calories>150</calories>
		<fat>8</fat>
		<cholesterol heart="1" >0</cholesterol>
		<carbohydrates diabetes="-1">15</carbohydrates>
		<protein>8</protein>
		<fiber>0</fiber>
	</food>
	<food>
		<category>dairy</category>
		<family>cheese</family>
		<name>mozzarella</name>
		<calories weight="-1" diabetes="-1">281</calories> 
		<fat>21.60</fat>
		<cholesterol>78</cholesterol>
		<carbohydrates>2.28</carbohydrates>
		<protein>19.42</protein>
		<fiber>0</fiber>
	</food>
	<food>
		<category>dairy</category>
		<family>cheese</family>
		<name>muenster</name>
		<calories weight="-1" diabetes="-1">368</calories>
		<fat>30.04</fat>
		<cholesterol>96</cholesterol>
		<carbohydrates>1.12</carbohydrates>
		<protein>23.41</protein>
		<fiber>0</fiber>
	</food>
	<food>
		<category>dairy</category>
		<family>cheese</family>
		<name>provolone</name>
		<calories weight="-1" diabetes="-1">351</calories>
		<fat>26.62</fat>
		<cholesterol>69</cholesterol>
		<carbohydrates>2.14</carbohydrates>
		<protein>25.58</protein>
		<fiber>0</fiber>
	</food>
</food_composition>
