﻿<?xml version="1.0" encoding="utf-8" ?> 
<!-- Place keywords in the PI below -->
<?calories diabetes?>
<food_composition>
	<food>
		<category>dairy</category>
		<family>milk</family>
		<name>whole milk</name>
		<calories>150</calories>
		<fat>8</fat>
		<cholesterol heart="1" >0</cholesterol>
		<carbohydrates diabetes="-1">15</carbohydrates>
		<protein>8</protein>
		<fiber>0</fiber>
	</food>
	<food>
		<category>dairy</category>
		<family>cheese</family>
		<name>mozzarella</name>
		<calories weight="-1" diabetes="-1">281</calories>
		<fat>21.60</fat>
		<cholesterol>78</cholesterol>
		<carbohydrates>2.28</carbohydrates>
		<protein>19.42</protein>
		<fiber>0</fiber>
	</food>
</food_composition>
