<?xml version="1.0" encoding="utf-8"?>
<!--Illustration of building up an XmlDocument-->
<food_nutrition>
  <family>cheese<name>mozzarella</name><calories>281</calories><fat>21.60</fat><cholestrol>78</cholestrol><carbohydrates>2.20</carbohydrates><protein>19.42</protein><fiber>0</fiber></family>
  <family>cheese<name>muenster</name><calories>368</calories><fat>30.04</fat><cholestrol>96</cholestrol><carbohydrates>1.12</carbohydrates><protein>23.41</protein><fiber>0</fiber></family>
  <family>cheese<name>provolone</name><calories>351</calories><fat>26.62</fat><cholestrol>69</cholestrol><carbohydrates>2.14</carbohydrates><protein>25.58</protein><fiber>0</fiber></family>
</food_nutrition>